ID,FECHA,GERENCIA CAM,SUB GERENCIA CAM,AREA DE CAM,EMPRESA CONTRATISTA,Nº ENC,Q NC,N IPAL,CIERRE
"348","06-2014","Gerencia Operaciones","Servicios de Distribucion","Servicios de Emergencia"," -- SIN CONTRATISTA -- ","1","0","0","N/A"
"349","06-2014","Gerencia Operaciones","Servicios de Distribucion","Servicios de Emergencia"," -- SIN CONTRATISTA -- ","1","0","0","N/A"
"345","06-2014","Gerencia Operaciones","Servicios de Distribucion","Mantenimiento Subterraneo"," -- SIN CONTRATISTA -- ","1","0","0","N/A"
"346","06-2014","Gerencia Operaciones","Servicios de Distribucion","Mantenimiento Subterraneo"," -- SIN CONTRATISTA -- ","1","0","0","N/A"
"347","06-2014","Gerencia Operaciones","Servicios de Distribucion","Construccion OOEE y OOCC"," -- SIN CONTRATISTA -- ","1","2","40","ABIERTA"
"344","06-2014","Gerencia Operaciones","Operaciones Comerciales & Utilities","SOT (Civil - Electrico)","CAM Chile S.A","1","5","90","ABIERTA"
"302","05-2014","Gerencia Operaciones","Servicios de Distribucion","Mantenimiento Aereo","CAM Chile S.A","1","0","0","N/A"
"288","05-2014","Gerencia Operaciones","Servicios de Distribucion","Servicios de Emergencia","CAM Chile S.A","1","0","0","N/A"
"309","05-2014","Gerencia Operaciones","Servicios de Distribucion","Servicios de Emergencia","CAM Chile S.A","1","0","0","N/A"
"313","05-2014","Gerencia Operaciones","Servicios de Distribucion","Servicios de Emergencia","CAM Chile S.A","1","6","60","ABIERTA"
"316","05-2014","Gerencia Operaciones","Servicios de Distribucion","Servicios de Emergencia","CAM Chile S.A","1","6","60","ABIERTA"
"319","05-2014","Gerencia Operaciones","Servicios de Distribucion","Servicios de Emergencia","CAM Chile S.A","1","6","60","ABIERTA"
"321","05-2014","Gerencia Operaciones","Servicios de Distribucion","Servicios de Emergencia","CAM Chile S.A","1","0","0","N/A"
"326","05-2014","Gerencia Operaciones","Servicios de Distribucion","Servicios de Emergencia","CAM Chile S.A","1","0","0","N/A"
"328","05-2014","Gerencia Operaciones","Servicios de Distribucion","Servicios de Emergencia","CAM Chile S.A","1","0","0","N/A"
"330","05-2014","Gerencia Operaciones","Servicios de Distribucion","Servicios de Emergencia","CAM Chile S.A","1","0","0","N/A"
"305","05-2014","Gerencia Operaciones","Servicios de Distribucion","Construccion OOEE y OOCC","CAM Chile S.A","1","0","0","N/A"
"300","05-2014","Gerencia Operaciones","Servicios de Distribucion","Mantenimiento Aereo","CAM Chile S.A","1","1","20","ABIERTA"
"301","05-2014","Gerencia Operaciones","Servicios de Distribucion","Mantenimiento Aereo","CAM Chile S.A","1","0","0","N/A"
"324","05-2014","Gerencia Operaciones","Servicios de Distribucion","Mantenimiento Aereo"," -- SIN CONTRATISTA -- ","1","1","20","ABIERTA"
"283","05-2014","Gerencia Operaciones","Servicios de Distribucion","Construccion OOEE y OOCC"," -- SIN CONTRATISTA -- ","1","1","20","ABIERTA"
"303","05-2014","Gerencia Operaciones","Servicios de Distribucion","Construccion OOEE y OOCC"," -- SIN CONTRATISTA -- ","1","3","50","ABIERTA"
"304","05-2014","Gerencia Operaciones","Servicios de Distribucion","Construccion OOEE y OOCC"," -- SIN CONTRATISTA -- ","1","2","20","ABIERTA"
"277","05-2014","Gerencia Operaciones","Operaciones Comerciales & Utilities","SOT (Civil - Electrico)","CAM Chile S.A","1","0","0","N/A"
"268","05-2014","Servicios de Negocios","Servicios de Negocios","Logística","SOSIAS","1","1","20","ABIERTA"
"271","05-2014","Servicios de Negocios","Servicios de Negocios","Logística","SOSIAS","1","1","20","ABIERTA"
"282","05-2014","Gerencia Operaciones","Servicios de Distribucion","Mantenimiento Subterraneo"," -- SIN CONTRATISTA -- ","1","2","20","ABIERTA"
"320","05-2014","Gerencia Operaciones","Servicios de Distribucion","Mantenimiento Aereo"," -- SIN CONTRATISTA -- ","1","1","20","ABIERTA"
"339","05-2014","Gerencia Operaciones","Servicios de Distribucion","Mantenimiento Aereo","CAM Chile S.A","1","0","0","N/A"
"340","05-2014","Gerencia Operaciones","Servicios de Distribucion","Mantenimiento Aereo","CAM Chile S.A","1","0","0","N/A"
"280","05-2014","Gerencia Operaciones","Servicios de Distribucion","Construccion OOEE y OOCC"," -- SIN CONTRATISTA -- ","1","3","40","ABIERTA"
"315","05-2014","Gerencia Operaciones","Servicios de Distribucion","Construccion OOEE y OOCC"," -- SIN CONTRATISTA -- ","1","0","0","N/A"
"317","05-2014","Gerencia Operaciones","Servicios de Distribucion","Construccion OOEE y OOCC"," -- SIN CONTRATISTA -- ","1","1","20","ABIERTA"
"318","05-2014","Gerencia Operaciones","Servicios de Distribucion","Construccion OOEE y OOCC"," -- SIN CONTRATISTA -- ","1","2","40","ABIERTA"
"341","05-2014","Gerencia Operaciones","Servicios de Distribucion","Construccion OOEE y OOCC"," -- SIN CONTRATISTA -- ","1","2","40","ABIERTA"
"265","05-2014","Gerencia Operaciones","Operaciones Comerciales & Utilities","Eléctrica"," -- SIN CONTRATISTA -- ","1","2","20","ABIERTA"
"262","05-2014","Gerencia Operaciones","Telemedida y Automatizacion","Eléctrica"," -- SIN CONTRATISTA -- ","1","0","0","N/A"
"322","05-2014","Gerencia Operaciones","Servicios de Distribucion","Mantenimiento Aereo"," -- SIN CONTRATISTA -- ","1","1","20","ABIERTA"
"281","05-2014","Gerencia Operaciones","Servicios de Distribucion","Construccion OOEE y OOCC"," -- SIN CONTRATISTA -- ","1","2","30","ABIERTA"
"312","05-2014","Gerencia Operaciones","Servicios de Distribucion","Construccion OOEE y OOCC"," -- SIN CONTRATISTA -- ","1","1","20","ABIERTA"
"258","05-2014","Gerencia Operaciones","Operaciones Comerciales & Utilities","SOT (Civil - Electrico)","CAM Chile S.A","1","0","0","N/A"
"275","05-2014","Gerencia Operaciones","Operaciones Comerciales & Utilities","Eléctrica"," -- SIN CONTRATISTA -- ","1","1","20","ABIERTA"
"276","05-2014","Gerencia Operaciones","Operaciones Comerciales & Utilities","Eléctrica"," -- SIN CONTRATISTA -- ","1","1","20","ABIERTA"
"235","05-2014","Gerencia Operaciones","Operaciones Comerciales & Utilities","Eléctrica"," -- SIN CONTRATISTA -- ","1","1","20","ABIERTA"
"236","05-2014","Gerencia Operaciones","Operaciones Comerciales & Utilities","Eléctrica"," -- SIN CONTRATISTA -- ","1","0","0","N/A"
"237","05-2014","Gerencia Operaciones","Operaciones Comerciales & Utilities","Eléctrica"," -- SIN CONTRATISTA -- ","1","0","0","N/A"
"238","05-2014","Gerencia Operaciones","Operaciones Comerciales & Utilities","Eléctrica"," -- SIN CONTRATISTA -- ","1","1","20","ABIERTA"
"269","05-2014","Gerencia Operaciones","Operaciones Comerciales & Utilities","Eléctrica"," -- SIN CONTRATISTA -- ","1","0","0","N/A"
"270","05-2014","Gerencia Operaciones","Operaciones Comerciales & Utilities","Eléctrica"," -- SIN CONTRATISTA -- ","1","1","20","ABIERTA"
"250","05-2014","Gerencia Operaciones","Operaciones Comerciales & Utilities","Eléctrica"," -- SIN CONTRATISTA -- ","1","0","0","N/A"
"253","05-2014","Gerencia Operaciones","Operaciones Comerciales & Utilities","Eléctrica","SILVA & CIA","1","6","80","ABIERTA"
"254","05-2014","Gerencia Operaciones","Operaciones Comerciales & Utilities","Eléctrica","SILVA & CIA","1","3","60","ABIERTA"
"255","05-2014","Gerencia Operaciones","Operaciones Comerciales & Utilities","Eléctrica","SILVA & CIA","1","1","20","ABIERTA"
"256","05-2014","Gerencia Operaciones","Operaciones Comerciales & Utilities","Eléctrica","SILVA & CIA","1","1","20","ABIERTA"
"252","05-2014","Gerencia Operaciones","Telemedida y Automatizacion","Eléctrica","CAM Chile S.A","1","2","20","ABIERTA"
"228","05-2014","Gerencia Operaciones","Servicios de Distribucion","Mantenimiento Subterraneo","CAM Chile S.A","1","0","0","N/A"
"287","05-2014","Gerencia Operaciones","Servicios de Distribucion","Construccion OOEE y OOCC"," -- SIN CONTRATISTA -- ","1","1","20","ABIERTA"
"311","05-2014","Gerencia Operaciones","Servicios de Distribucion","Construccion OOEE y OOCC"," -- SIN CONTRATISTA -- ","1","1","20","ABIERTA"
"234","05-2014","Gerencia Operaciones","Operaciones Comerciales & Utilities","SOT (Civil - Electrico)","CAM Chile S.A","1","0","0","N/A"
"239","05-2014","Gerencia Operaciones","Operaciones Comerciales & Utilities","Eléctrica"," -- SIN CONTRATISTA -- ","1","0","0","N/A"
"240","05-2014","Gerencia Operaciones","Operaciones Comerciales & Utilities","Eléctrica"," -- SIN CONTRATISTA -- ","1","0","0","N/A"
"246","05-2014","Gerencia Operaciones","Operaciones Comerciales & Utilities","Eléctrica"," -- SIN CONTRATISTA -- ","1","0","0","N/A"
"247","05-2014","Gerencia Operaciones","Operaciones Comerciales & Utilities","Eléctrica"," -- SIN CONTRATISTA -- ","1","0","0","N/A"
"215","05-2014","Gerencia Operaciones","Servicios de Distribucion","Servicios de Emergencia"," -- SIN CONTRATISTA -- ","1","0","0","N/A"
"222","05-2014","Gerencia Operaciones","Servicios de Distribucion","Servicios de Emergencia"," -- SIN CONTRATISTA -- ","1","0","0","N/A"
"223","05-2014","Gerencia Operaciones","Servicios de Distribucion","Servicios de Emergencia"," -- SIN CONTRATISTA -- ","1","0","0","N/A"
"224","05-2014","Gerencia Operaciones","Servicios de Distribucion","Servicios de Emergencia"," -- SIN CONTRATISTA -- ","1","0","0","N/A"
"286","05-2014","Gerencia Operaciones","Servicios de Distribucion","Construccion OOEE y OOCC"," -- SIN CONTRATISTA -- ","1","1","20","ABIERTA"
"310","05-2014","Gerencia Operaciones","Servicios de Distribucion","Construccion OOEE y OOCC"," -- SIN CONTRATISTA -- ","1","1","20","ABIERTA"
"248","05-2014","Gerencia Operaciones","Operaciones Comerciales & Utilities","Eléctrica"," -- SIN CONTRATISTA -- ","1","0","0","N/A"
"249","05-2014","Gerencia Operaciones","Operaciones Comerciales & Utilities","Eléctrica"," -- SIN CONTRATISTA -- ","1","0","0","N/A"
"257","05-2014","Gerencia Operaciones","Operaciones Comerciales & Utilities","Eléctrica"," -- SIN CONTRATISTA -- ","1","0","0","N/A"
"263","05-2014","Gerencia Operaciones","Operaciones Comerciales & Utilities","Eléctrica"," -- SIN CONTRATISTA -- ","1","1","20","ABIERTA"
"264","05-2014","Gerencia Operaciones","Operaciones Comerciales & Utilities","Eléctrica"," -- SIN CONTRATISTA -- ","1","1","20","ABIERTA"
"221","05-2014","Gerencia Operaciones","Telemedida y Automatizacion","Eléctrica","CODEL","1","0","0","N/A"
"226","05-2014","Servicios de Negocios","Servicios de Negocios","Logística"," -- SIN CONTRATISTA -- ","1","0","0","N/A"
"266","05-2014","Servicios de Negocios","Servicios de Negocios","Logística","SOSIAS","1","1","20","ABIERTA"
"208","05-2014","Gerencia Operaciones","Operaciones Comerciales & Utilities","SOT (Civil - Electrico)","CAM Chile S.A","1","0","0","N/A"
"209","05-2014","Gerencia Operaciones","Operaciones Comerciales & Utilities","SOT (Civil - Electrico)","CAM Chile S.A","1","0","0","N/A"
"203","05-2014","Gerencia Operaciones","Servicios de Distribucion","Servicios de Emergencia"," -- SIN CONTRATISTA -- ","1","3","40","ABIERTA"
"204","05-2014","Gerencia Operaciones","Servicios de Distribucion","Servicios de Emergencia"," -- SIN CONTRATISTA -- ","1","0","0","N/A"
"205","05-2014","Gerencia Operaciones","Servicios de Distribucion","Servicios de Emergencia"," -- SIN CONTRATISTA -- ","1","0","0","N/A"
"227","05-2014","Servicios de Negocios","Servicios de Negocios","Logística","INGELDUP","1","0","0","N/A"
"278","05-2014","Gerencia Operaciones","Servicios de Distribucion","Servicios de Emergencia"," -- SIN CONTRATISTA -- ","1","2","40","ABIERTA"
"279","05-2014","Gerencia Operaciones","Servicios de Distribucion","Construccion OOEE y OOCC"," -- SIN CONTRATISTA -- ","1","3","40","ABIERTA"
"337","05-2014","Gerencia Operaciones","Servicios de Distribucion","Construccion OOEE y OOCC"," -- SIN CONTRATISTA -- ","1","0","0","N/A"
"195","05-2014","Gerencia Operaciones","Operaciones Comerciales & Utilities","SOT (Civil - Electrico)","CAM Chile S.A","1","2","70","ABIERTA"
"196","05-2014","Gerencia Operaciones","Operaciones Comerciales & Utilities","SOT (Civil - Electrico)","CAM Chile S.A","1","0","0","N/A"
"197","05-2014","Gerencia Operaciones","Operaciones Comerciales & Utilities","SOT (Civil - Electrico)","CAM Chile S.A","1","0","0","N/A"
"198","05-2014","Gerencia Operaciones","Operaciones Comerciales & Utilities","SOT (Civil - Electrico)"," -- SIN CONTRATISTA -- ","1","0","0","N/A"
"207","05-2014","Servicios de Negocios","Servicios de Negocios","Logística"," -- SIN CONTRATISTA -- ","1","0","0","N/A"
"267","05-2014","Servicios de Negocios","Servicios de Negocios","Logística","SOSIAS","1","0","0","N/A"
"274","05-2014","Servicios de Negocios","Servicios de Negocios","Logística"," -- SIN CONTRATISTA -- ","1","0","0","N/A"
"325","05-2014","Gerencia Operaciones","Servicios de Distribucion","Mantenimiento Aereo"," -- SIN CONTRATISTA -- ","1","0","0","N/A"
"181","05-2014","Gerencia Operaciones","Servicios de Distribucion","Servicios de Emergencia"," -- SIN CONTRATISTA -- ","1","1","20","ABIERTA"
"192","05-2014","Gerencia Operaciones","Servicios de Distribucion","Servicios de Emergencia"," -- SIN CONTRATISTA -- ","1","0","0","N/A"
"193","05-2014","Gerencia Operaciones","Servicios de Distribucion","Servicios de Emergencia"," -- SIN CONTRATISTA -- ","1","0","0","N/A"
"334","05-2014","Gerencia Operaciones","Servicios de Distribucion","Construccion OOEE y OOCC"," -- SIN CONTRATISTA -- ","1","0","0","N/A"
"241","05-2014","Gerencia Operaciones","Operaciones Comerciales & Utilities","Eléctrica"," -- SIN CONTRATISTA -- ","1","0","0","N/A"
"242","05-2014","Gerencia Operaciones","Operaciones Comerciales & Utilities","Eléctrica"," -- SIN CONTRATISTA -- ","1","0","0","N/A"
"230","05-2014","Gerencia Operaciones","Operaciones Comerciales & Utilities","Eléctrica"," -- SIN CONTRATISTA -- ","1","1","20","ABIERTA"
"233","05-2014","Gerencia Operaciones","Operaciones Comerciales & Utilities","Eléctrica"," -- SIN CONTRATISTA -- ","1","1","20","ABIERTA"
"185","05-2014","Gerencia Operaciones","Operaciones Comerciales & Utilities","Eléctrica","SILVA & CIA","1","0","0","N/A"
"187","05-2014","Gerencia Operaciones","Operaciones Comerciales & Utilities","Eléctrica","SILVA & CIA","1","0","0","N/A"
"188","05-2014","Gerencia Operaciones","Operaciones Comerciales & Utilities","Eléctrica","SILVA & CIA","1","0","0","N/A"
"189","05-2014","Gerencia Operaciones","Operaciones Comerciales & Utilities","Eléctrica","SILVA & CIA","1","0","0","N/A"
"190","05-2014","Gerencia Operaciones","Operaciones Comerciales & Utilities","Eléctrica","SILVA & CIA","1","1","20","ABIERTA"
"179","05-2014","Gerencia Operaciones","Operaciones Comerciales & Utilities","Eléctrica","Fuster","1","3","60","ABIERTA"
"229","05-2014","Gerencia Operaciones","Operaciones Comerciales & Utilities","Eléctrica"," -- SIN CONTRATISTA -- ","1","0","0","N/A"
"231","05-2014","Gerencia Operaciones","Operaciones Comerciales & Utilities","Eléctrica"," -- SIN CONTRATISTA -- ","1","0","0","N/A"
"232","05-2014","Gerencia Operaciones","Operaciones Comerciales & Utilities","Eléctrica"," -- SIN CONTRATISTA -- ","1","0","0","N/A"
"261","05-2014","Gerencia Operaciones","Telemedida y Automatizacion","Eléctrica"," -- SIN CONTRATISTA -- ","1","1","40","ABIERTA"
"191","05-2014","Gerencia Operaciones","Telemedida y Automatizacion","Eléctrica","CODEL","1","0","0","N/A"
"194","05-2014","Servicios de Negocios","Servicios de Negocios","Logística"," -- SIN CONTRATISTA -- ","1","0","0","N/A"
"206","05-2014","Servicios de Negocios","Servicios de Negocios","Logística","SOSIAS","1","1","20","ABIERTA"
"167","05-2014","Gerencia Operaciones","Servicios de Distribucion","Mantenimiento Subterraneo"," -- SIN CONTRATISTA -- ","1","0","0","N/A"
"169","05-2014","Gerencia Operaciones","Servicios de Distribucion","Mantenimiento Subterraneo"," -- SIN CONTRATISTA -- ","1","1","20","ABIERTA"
"173","05-2014","Gerencia Operaciones","Servicios de Distribucion","Mantenimiento Subterraneo"," -- SIN CONTRATISTA -- ","1","0","0","N/A"
"170","05-2014","Gerencia Operaciones","Servicios de Distribucion","Mantenimiento Aereo"," -- SIN CONTRATISTA -- ","1","0","0","N/A"
"174","05-2014","Gerencia Operaciones","Servicios de Distribucion","Mantenimiento Aereo"," -- SIN CONTRATISTA -- ","1","0","0","N/A"
"342","05-2014","Gerencia Operaciones","Servicios de Distribucion","Mantenimiento Aereo","CAM Chile S.A","1","0","0","N/A"
"165","05-2014","Gerencia Operaciones","Servicios de Distribucion","Servicios de Emergencia"," -- SIN CONTRATISTA -- ","1","3","40","ABIERTA"
"243","05-2014","Gerencia Operaciones","Operaciones Comerciales & Utilities","Eléctrica"," -- SIN CONTRATISTA -- ","1","1","20","ABIERTA"
"244","05-2014","Gerencia Operaciones","Operaciones Comerciales & Utilities","Eléctrica"," -- SIN CONTRATISTA -- ","1","1","20","ABIERTA"
"245","05-2014","Gerencia Operaciones","Operaciones Comerciales & Utilities","Eléctrica"," -- SIN CONTRATISTA -- ","1","0","0","N/A"
"168","05-2014","Gerencia Operaciones","Operaciones Comerciales & Utilities","Eléctrica"," -- SIN CONTRATISTA -- ","1","0","0","N/A"
"171","05-2014","Gerencia Operaciones","Operaciones Comerciales & Utilities","Eléctrica"," -- SIN CONTRATISTA -- ","1","1","20","ABIERTA"
"159","05-2014","Gerencia Operaciones","Servicios de Distribucion","Servicios de Emergencia"," -- SIN CONTRATISTA -- ","1","2","40","ABIERTA"
"166","05-2014","Gerencia Operaciones","Servicios de Distribucion","Servicios de Emergencia"," -- SIN CONTRATISTA -- ","1","1","20","ABIERTA"
"186","05-2014","Gerencia Operaciones","Servicios de Distribucion","Construccion OOEE y OOCC"," -- SIN CONTRATISTA -- ","1","2","70","ABIERTA"
"225","05-2014","Gerencia Operaciones","Servicios de Distribucion","Construccion OOEE y OOCC"," -- SIN CONTRATISTA -- ","1","0","0","N/A"
"333","05-2014","Gerencia Operaciones","Servicios de Distribucion","Construccion OOEE y OOCC"," -- SIN CONTRATISTA -- ","1","0","0","N/A"
"336","05-2014","Gerencia Operaciones","Servicios de Distribucion","Construccion OOEE y OOCC"," -- SIN CONTRATISTA -- ","1","0","0","N/A"
"164","05-2014","Gerencia Operaciones","Operaciones Comerciales & Utilities","SOT (Civil - Electrico)","CAM Chile S.A","1","0","0","N/A"
"175","05-2014","Gerencia Operaciones","Operaciones Comerciales & Utilities","Eléctrica"," -- SIN CONTRATISTA -- ","1","1","20","ABIERTA"
"176","05-2014","Gerencia Operaciones","Operaciones Comerciales & Utilities","Eléctrica"," -- SIN CONTRATISTA -- ","1","0","0","N/A"
"152","05-2014","Gerencia Operaciones","Operaciones Comerciales & Utilities","Eléctrica"," -- SIN CONTRATISTA -- ","1","3","40","ABIERTA"
"153","05-2014","Gerencia Operaciones","Operaciones Comerciales & Utilities","Eléctrica"," -- SIN CONTRATISTA -- ","1","0","0","N/A"
"251","05-2014","Gerencia Operaciones","Operaciones Comerciales & Utilities","Eléctrica"," -- SIN CONTRATISTA -- ","1","0","0","N/A"
"141","05-2014","Gerencia Operaciones","Operaciones Comerciales & Utilities","Eléctrica"," -- SIN CONTRATISTA -- ","1","0","0","N/A"
"142","05-2014","Gerencia Operaciones","Operaciones Comerciales & Utilities","Eléctrica"," -- SIN CONTRATISTA -- ","1","0","0","N/A"
"143","05-2014","Gerencia Operaciones","Operaciones Comerciales & Utilities","Eléctrica"," -- SIN CONTRATISTA -- ","1","0","0","N/A"
"145","05-2014","Gerencia Operaciones","Operaciones Comerciales & Utilities","Eléctrica"," -- SIN CONTRATISTA -- ","1","0","0","N/A"
"148","05-2014","Gerencia Operaciones","Operaciones Comerciales & Utilities","Eléctrica"," -- SIN CONTRATISTA -- ","1","0","0","N/A"
"133","05-2014","Gerencia Operaciones","Servicios de Distribucion","Servicios de Emergencia"," -- SIN CONTRATISTA -- ","1","0","0","N/A"
"327","05-2014","Gerencia Operaciones","Servicios de Distribucion","Construccion OOEE y OOCC"," -- SIN CONTRATISTA -- ","1","0","0","N/A"
"332","05-2014","Gerencia Operaciones","Servicios de Distribucion","Construccion OOEE y OOCC"," -- SIN CONTRATISTA -- ","1","0","0","N/A"
"335","05-2014","Gerencia Operaciones","Servicios de Distribucion","Construccion OOEE y OOCC"," -- SIN CONTRATISTA -- ","1","0","0","N/A"
"120","05-2014","Gerencia Operaciones","Operaciones Comerciales & Utilities","Eléctrica"," -- SIN CONTRATISTA -- ","1","1","20","ABIERTA"
"111","05-2014","Gerencia Operaciones","Operaciones Comerciales & Utilities","Eléctrica"," -- SIN CONTRATISTA -- ","1","1","20","ABIERTA"
"122","05-2014","Gerencia Operaciones","Operaciones Comerciales & Utilities","Eléctrica","RAMIRO CEA","1","0","0","N/A"
"124","05-2014","Gerencia Operaciones","Operaciones Comerciales & Utilities","Eléctrica","RAMIRO CEA","1","0","0","N/A"
"112","05-2014","Gerencia Operaciones","Operaciones Comerciales & Utilities","Eléctrica"," -- SIN CONTRATISTA -- ","1","0","0","N/A"
"140","05-2014","Servicios de Negocios","Servicios de Negocios","Logística","SOSIAS","1","1","20","ABIERTA"
"183","05-2014","Gerencia Operaciones","Servicios de Distribucion","Mantenimiento Aereo"," -- SIN CONTRATISTA -- ","1","1","20","ABIERTA"
"218","05-2014","Gerencia Operaciones","Servicios de Distribucion","Servicios de Emergencia"," -- SIN CONTRATISTA -- ","1","2","40","ABIERTA"
"219","05-2014","Gerencia Operaciones","Servicios de Distribucion","Servicios de Emergencia"," -- SIN CONTRATISTA -- ","1","1","20","ABIERTA"
"220","05-2014","Gerencia Operaciones","Servicios de Distribucion","Servicios de Emergencia"," -- SIN CONTRATISTA -- ","1","2","20","ABIERTA"
"113","05-2014","Gerencia Operaciones","Operaciones Comerciales & Utilities","SOT (Civil - Electrico)","CAM Chile S.A","1","0","0","N/A"
"114","05-2014","Gerencia Operaciones","Operaciones Comerciales & Utilities","SOT (Civil - Electrico)","CAM Chile S.A","1","0","0","N/A"
"115","05-2014","Gerencia Operaciones","Operaciones Comerciales & Utilities","SOT (Civil - Electrico)","CAM Chile S.A","1","0","0","N/A"
"116","05-2014","Gerencia Operaciones","Operaciones Comerciales & Utilities","SOT (Civil - Electrico)","CAM Chile S.A","1","0","0","N/A"
"217","05-2014","Gerencia Operaciones","Operaciones Comerciales & Utilities","Eléctrica"," -- SIN CONTRATISTA -- ","1","0","0","N/A"
"202","05-2014","Gerencia Operaciones","Servicios de Distribucion","Mantenimiento Subterraneo"," -- SIN CONTRATISTA -- ","1","1","50","ABIERTA"
"212","05-2014","Gerencia Operaciones","Servicios de Distribucion","Servicios de Emergencia"," -- SIN CONTRATISTA -- ","1","2","40","ABIERTA"
"213","05-2014","Gerencia Operaciones","Servicios de Distribucion","Servicios de Emergencia"," -- SIN CONTRATISTA -- ","1","5","70","ABIERTA"
"100","05-2014","Gerencia Operaciones","Servicios de Distribucion","Mantenimiento Subterraneo"," -- SIN CONTRATISTA -- ","1","0","0","N/A"
"103","05-2014","Gerencia Operaciones","Servicios de Distribucion","Mantenimiento Subterraneo"," -- SIN CONTRATISTA -- ","1","0","0","N/A"
"109","05-2014","Gerencia Operaciones","Operaciones Comerciales & Utilities","Eléctrica"," -- SIN CONTRATISTA -- ","1","0","0","N/A"
"117","05-2014","Gerencia Operaciones","Operaciones Comerciales & Utilities","Eléctrica"," -- SIN CONTRATISTA -- ","1","0","0","N/A"
"118","05-2014","Gerencia Operaciones","Operaciones Comerciales & Utilities","Eléctrica"," -- SIN CONTRATISTA -- ","1","0","0","N/A"
"119","05-2014","Gerencia Operaciones","Operaciones Comerciales & Utilities","Eléctrica"," -- SIN CONTRATISTA -- ","1","0","0","N/A"
"96","05-2014","Gerencia Operaciones","Operaciones Comerciales & Utilities","Eléctrica","SILVA & CIA","1","2","60","ABIERTA"
"99","05-2014","Gerencia Operaciones","Operaciones Comerciales & Utilities","Eléctrica"," -- SIN CONTRATISTA -- ","1","2","20","ABIERTA"
"98","05-2014","Gerencia Operaciones","Telemedida y Automatizacion","Eléctrica","MCH SERVICIOS ELECTRICOS","1","0","0","N/A"
"108","05-2014","Servicios de Negocios","Servicios de Negocios","Logística","SOSIAS","1","0","0","N/A"
"272","05-2014","Servicios de Negocios","Servicios de Negocios","Logística","SOSIAS","1","0","0","N/A"
"82","05-2014","Gerencia Operaciones","Servicios de Distribucion","Mantenimiento Subterraneo"," -- SIN CONTRATISTA -- ","1","0","0","N/A"
"83","05-2014","Gerencia Operaciones","Servicios de Distribucion","Mantenimiento Subterraneo"," -- SIN CONTRATISTA -- ","1","1","20","ABIERTA"
"294","05-2014","Gerencia Operaciones","Servicios de Distribucion","Mantenimiento Aereo","CAM Chile S.A","1","0","0","N/A"
"295","05-2014","Gerencia Operaciones","Servicios de Distribucion","Mantenimiento Aereo","CAM Chile S.A","1","0","0","N/A"
"297","05-2014","Gerencia Operaciones","Servicios de Distribucion","Mantenimiento Aereo","CAM Chile S.A","1","0","0","N/A"
"298","05-2014","Gerencia Operaciones","Servicios de Distribucion","Mantenimiento Aereo","CAM Chile S.A","1","0","0","N/A"
"299","05-2014","Gerencia Operaciones","Servicios de Distribucion","Mantenimiento Aereo","CAM Chile S.A","1","0","0","N/A"
"184","05-2014","Gerencia Operaciones","Servicios de Distribucion","Servicios de Emergencia"," -- SIN CONTRATISTA -- ","1","1","20","ABIERTA"
"210","05-2014","Gerencia Operaciones","Servicios de Distribucion","Servicios de Emergencia"," -- SIN CONTRATISTA -- ","1","4","50","ABIERTA"
"211","05-2014","Gerencia Operaciones","Servicios de Distribucion","Servicios de Emergencia"," -- SIN CONTRATISTA -- ","1","1","20","ABIERTA"
"284","05-2014","Gerencia Operaciones","Servicios de Distribucion","Servicios de Emergencia"," -- SIN CONTRATISTA -- ","1","0","0","N/A"
"285","05-2014","Gerencia Operaciones","Servicios de Distribucion","Servicios de Emergencia"," -- SIN CONTRATISTA -- ","1","0","0","N/A"
"93","05-2014","Gerencia Operaciones","Operaciones Comerciales & Utilities","SOT (Civil - Electrico)","CAM Chile S.A","1","2","20","ABIERTA"
"94","05-2014","Gerencia Operaciones","Operaciones Comerciales & Utilities","SOT (Civil - Electrico)","CAM Chile S.A","1","2","20","ABIERTA"
"95","05-2014","Gerencia Operaciones","Operaciones Comerciales & Utilities","SOT (Civil - Electrico)","CAM Chile S.A","1","2","20","ABIERTA"
"296","05-2014","Gerencia Operaciones","Operaciones Comerciales & Utilities","Eléctrica","RAMIRO CEA","1","0","0","N/A"
"90","05-2014","Gerencia Operaciones","Operaciones Comerciales & Utilities","Eléctrica","SILVA & CIA","1","1","20","ABIERTA"
"97","05-2014","Gerencia Operaciones","Operaciones Comerciales & Utilities","Eléctrica","SILVA & CIA","1","1","20","ABIERTA"
"87","05-2014","Gerencia Operaciones","Operaciones Comerciales & Utilities","Eléctrica"," -- SIN CONTRATISTA -- ","1","2","40","ABIERTA"
"88","05-2014","Gerencia Operaciones","Telemedida y Automatizacion","Eléctrica","CAM Chile S.A","1","0","0","N/A"
"89","05-2014","Gerencia Operaciones","Telemedida y Automatizacion","Eléctrica","MCH SERVICIOS ELECTRICOS","1","0","0","N/A"
"75","05-2014","Gerencia Operaciones","Servicios de Distribucion","Mantenimiento Subterraneo"," -- SIN CONTRATISTA -- ","1","0","0","N/A"
"77","05-2014","Gerencia Operaciones","Servicios de Distribucion","Mantenimiento Subterraneo"," -- SIN CONTRATISTA -- ","1","1","20","ABIERTA"
"214","05-2014","Gerencia Operaciones","Servicios de Distribucion","Servicios de Emergencia"," -- SIN CONTRATISTA -- ","1","0","0","N/A"
"85","05-2014","Gerencia Operaciones","Servicios de Distribucion","Construccion OOEE y OOCC"," -- SIN CONTRATISTA -- ","1","3","120","ABIERTA"
"308","05-2014","Gerencia Operaciones","Servicios de Distribucion","Construccion OOEE y OOCC"," -- SIN CONTRATISTA -- ","1","1","20","ABIERTA"
"91","05-2014","Gerencia Operaciones","Operaciones Comerciales & Utilities","SOT (Civil - Electrico)","CAM Chile S.A","1","2","60","ABIERTA"
"92","05-2014","Gerencia Operaciones","Operaciones Comerciales & Utilities","SOT (Civil - Electrico)","CAM Chile S.A","1","1","20","ABIERTA"
"101","05-2014","Gerencia Operaciones","Operaciones Comerciales & Utilities","Eléctrica"," -- SIN CONTRATISTA -- ","1","0","0","N/A"
"102","05-2014","Gerencia Operaciones","Operaciones Comerciales & Utilities","Eléctrica"," -- SIN CONTRATISTA -- ","1","0","0","N/A"
"76","05-2014","Gerencia Operaciones","Operaciones Comerciales & Utilities","Eléctrica","SILVA & CIA","1","1","20","ABIERTA"
"79","05-2014","Gerencia Operaciones","Operaciones Comerciales & Utilities","Eléctrica"," -- SIN CONTRATISTA -- ","1","0","0","N/A"
"260","05-2014","Gerencia Operaciones","Telemedida y Automatizacion","Eléctrica"," -- SIN CONTRATISTA -- ","1","0","0","N/A"
"106","05-2014","Servicios de Negocios","Servicios de Negocios","Logística","SOSIAS","1","0","0","N/A"
"107","05-2014","Servicios de Negocios","Servicios de Negocios","Logística"," -- SIN CONTRATISTA -- ","1","0","0","N/A"
"73","05-2014","Gerencia Operaciones","Operaciones Tecnicas","Eléctrica"," -- SIN CONTRATISTA -- ","1","2","20","ABIERTA"
"291","05-2014","Gerencia Operaciones","Servicios de Distribucion","Mantenimiento Aereo","CAM Chile S.A","1","0","0","N/A"
"292","05-2014","Gerencia Operaciones","Servicios de Distribucion","Mantenimiento Aereo"," -- SIN CONTRATISTA -- ","1","0","0","N/A"
"293","05-2014","Gerencia Operaciones","Servicios de Distribucion","Mantenimiento Aereo","CAM Chile S.A","1","1","20","ABIERTA"
"161","05-2014","Gerencia Operaciones","Servicios de Distribucion","Construccion OOEE y OOCC"," -- SIN CONTRATISTA -- ","1","1","20","ABIERTA"
"162","05-2014","Gerencia Operaciones","Servicios de Distribucion","Construccion OOEE y OOCC"," -- SIN CONTRATISTA -- ","1","1","20","ABIERTA"
"163","05-2014","Gerencia Operaciones","Servicios de Distribucion","Construccion OOEE y OOCC"," -- SIN CONTRATISTA -- ","1","1","20","ABIERTA"
"307","05-2014","Gerencia Operaciones","Servicios de Distribucion","Construccion OOEE y OOCC"," -- SIN CONTRATISTA -- ","1","1","20","ABIERTA"
"314","05-2014","Gerencia Operaciones","Servicios de Distribucion","Construccion OOEE y OOCC"," -- SIN CONTRATISTA -- ","1","0","0","N/A"
"177","05-2014","Gerencia Operaciones","Operaciones Comerciales & Utilities","Eléctrica","Fuster","1","1","40","ABIERTA"
"105","05-2014","Servicios de Negocios","Servicios de Negocios","Logística","CAM Chile S.A","1","0","0","N/A"
"64","05-2014","Gerencia Operaciones","Operaciones Tecnicas","Eléctrica"," -- SIN CONTRATISTA -- ","1","2","70","ABIERTA"
"331","05-2014","Gerencia Operaciones","Servicios de Distribucion","Mantenimiento Aereo"," -- SIN CONTRATISTA -- ","1","0","0","N/A"
"216","05-2014","Gerencia Operaciones","Servicios de Distribucion","Servicios de Emergencia"," -- SIN CONTRATISTA -- ","1","2","40","ABIERTA"
"306","05-2014","Gerencia Operaciones","Servicios de Distribucion","Construccion OOEE y OOCC"," -- SIN CONTRATISTA -- ","1","1","20","ABIERTA"
"70","05-2014","Gerencia Operaciones","Operaciones Comerciales & Utilities","Eléctrica"," -- SIN CONTRATISTA -- ","1","0","0","N/A"
"71","05-2014","Gerencia Operaciones","Operaciones Comerciales & Utilities","Eléctrica","CAM Chile S.A","1","0","0","N/A"
"80","05-2014","Gerencia Operaciones","Operaciones Comerciales & Utilities","Eléctrica","SILVA & CIA","1","0","0","N/A"
"81","05-2014","Gerencia Operaciones","Operaciones Comerciales & Utilities","Eléctrica","SILVA & CIA","1","0","0","N/A"
"74","05-2014","Gerencia Operaciones","Telemedida y Automatizacion","Eléctrica","CODEL","1","0","0","N/A"
"78","05-2014","Gerencia Operaciones","Telemedida y Automatizacion","Eléctrica","CODEL","1","0","0","N/A"
"63","05-2014","Gerencia Operaciones","Servicios de Distribucion","Mantenimiento Subterraneo"," -- SIN CONTRATISTA -- ","1","2","40","ABIERTA"
"65","05-2014","Gerencia Operaciones","Operaciones Comerciales & Utilities","Eléctrica"," -- SIN CONTRATISTA -- ","1","0","0","N/A"
"66","05-2014","Gerencia Operaciones","Operaciones Comerciales & Utilities","Eléctrica"," -- SIN CONTRATISTA -- ","1","0","0","N/A"
"67","05-2014","Gerencia Operaciones","Operaciones Comerciales & Utilities","Eléctrica"," -- SIN CONTRATISTA -- ","1","0","0","N/A"
"68","05-2014","Gerencia Operaciones","Operaciones Comerciales & Utilities","Eléctrica"," -- SIN CONTRATISTA -- ","1","1","20","ABIERTA"
"55","05-2014","Gerencia Operaciones","Operaciones Comerciales & Utilities","Eléctrica"," -- SIN CONTRATISTA -- ","1","1","20","ABIERTA"
"47","05-2014","Gerencia Operaciones","Servicios de Distribucion","Mantenimiento Subterraneo"," -- SIN CONTRATISTA -- ","1","0","0","N/A"
"48","05-2014","Gerencia Operaciones","Servicios de Distribucion","Mantenimiento Subterraneo"," -- SIN CONTRATISTA -- ","1","0","0","N/A"
"61","05-2014","Gerencia Operaciones","Servicios de Distribucion","Mantenimiento Subterraneo"," -- SIN CONTRATISTA -- ","1","1","20","ABIERTA"
"62","05-2014","Gerencia Operaciones","Servicios de Distribucion","Mantenimiento Subterraneo"," -- SIN CONTRATISTA -- ","1","0","0","N/A"
"201","05-2014","Gerencia Operaciones","Servicios de Distribucion","Mantenimiento Subterraneo"," -- SIN CONTRATISTA -- ","1","1","20","ABIERTA"
"199","05-2014","Gerencia Operaciones","Servicios de Distribucion","Servicios de Emergencia"," -- SIN CONTRATISTA -- ","1","2","40","ABIERTA"
"200","05-2014","Gerencia Operaciones","Servicios de Distribucion","Servicios de Emergencia"," -- SIN CONTRATISTA -- ","1","2","40","ABIERTA"
"56","05-2014","Gerencia Operaciones","Operaciones Comerciales & Utilities","Eléctrica"," -- SIN CONTRATISTA -- ","1","0","0","N/A"
"57","05-2014","Gerencia Operaciones","Operaciones Comerciales & Utilities","Eléctrica"," -- SIN CONTRATISTA -- ","1","0","0","N/A"
"58","05-2014","Gerencia Operaciones","Operaciones Comerciales & Utilities","Eléctrica"," -- SIN CONTRATISTA -- ","1","1","20","ABIERTA"
"49","05-2014","Gerencia Operaciones","Operaciones Comerciales & Utilities","Eléctrica"," -- SIN CONTRATISTA -- ","1","0","0","N/A"
"50","05-2014","Gerencia Operaciones","Operaciones Comerciales & Utilities","Eléctrica"," -- SIN CONTRATISTA -- ","1","0","0","N/A"
"51","05-2014","Gerencia Operaciones","Operaciones Comerciales & Utilities","Eléctrica"," -- SIN CONTRATISTA -- ","1","0","0","N/A"
"104","05-2014","Servicios de Negocios","Servicios de Negocios","Logística","SOSIAS","1","0","0","N/A"
"40","05-2014","Gerencia Operaciones","Servicios de Distribucion","Mantenimiento Subterraneo"," -- SIN CONTRATISTA -- ","1","0","0","N/A"
"52","05-2014","Gerencia Operaciones","Servicios de Distribucion","Mantenimiento Subterraneo"," -- SIN CONTRATISTA -- ","1","2","20","ABIERTA"
"53","05-2014","Gerencia Operaciones","Servicios de Distribucion","Mantenimiento Subterraneo"," -- SIN CONTRATISTA -- ","1","2","20","ABIERTA"
"54","05-2014","Gerencia Operaciones","Servicios de Distribucion","Mantenimiento Subterraneo"," -- SIN CONTRATISTA -- ","1","2","20","ABIERTA"
"338","05-2014","Gerencia Operaciones","Servicios de Distribucion","Mantenimiento Aereo","CAM Chile S.A","1","0","0","N/A"
"41","05-2014","Gerencia Operaciones","Operaciones Comerciales & Utilities","SOT (Civil - Electrico)"," -- SIN CONTRATISTA -- ","1","1","20","ABIERTA"
"59","05-2014","Gerencia Operaciones","Operaciones Comerciales & Utilities","Eléctrica"," -- SIN CONTRATISTA -- ","1","0","0","N/A"
"60","05-2014","Gerencia Operaciones","Operaciones Comerciales & Utilities","Eléctrica"," -- SIN CONTRATISTA -- ","1","0","0","N/A"
"37","05-2014","Gerencia Operaciones","Operaciones Comerciales & Utilities","Eléctrica"," -- SIN CONTRATISTA -- ","1","0","0","N/A"
"180","05-2014","Gerencia Operaciones","Operaciones Comerciales & Utilities","Eléctrica","Fuster","1","1","50","CERRADA"
"27","05-2014","Gerencia Operaciones","Servicios de Distribucion","Mantenimiento Subterraneo"," -- SIN CONTRATISTA -- ","1","0","0","N/A"
"31","05-2014","Gerencia Operaciones","Servicios de Distribucion","Servicios de Emergencia"," -- SIN CONTRATISTA -- ","1","1","20","ABIERTA"
"343","05-2014","Gerencia Operaciones","Servicios de Distribucion","Construccion OOEE y OOCC"," -- SIN CONTRATISTA -- ","1","0","0","N/A"
"28","05-2014","Gerencia Operaciones","Operaciones Comerciales & Utilities","Eléctrica"," -- SIN CONTRATISTA -- ","1","1","20","ABIERTA"
"29","05-2014","Gerencia Operaciones","Operaciones Comerciales & Utilities","Eléctrica"," -- SIN CONTRATISTA -- ","1","3","40","ABIERTA"
"30","05-2014","Gerencia Operaciones","Operaciones Comerciales & Utilities","Eléctrica"," -- SIN CONTRATISTA -- ","1","1","20","ABIERTA"
"259","05-2014","Gerencia Operaciones","Telemedida y Automatizacion","Eléctrica"," -- SIN CONTRATISTA -- ","1","0","0","N/A"
"273","05-2014","Servicios de Negocios","Servicios de Negocios","Logística"," -- SIN CONTRATISTA -- ","1","0","0","N/A"
"22","05-2014","Gerencia Operaciones","Servicios de Distribucion","Mantenimiento Subterraneo"," -- SIN CONTRATISTA -- ","1","0","0","N/A"
"23","05-2014","Gerencia Operaciones","Servicios de Distribucion","Mantenimiento Subterraneo"," -- SIN CONTRATISTA -- ","1","1","20","ABIERTA"
"25","05-2014","Gerencia Operaciones","Servicios de Distribucion","Mantenimiento Subterraneo"," -- SIN CONTRATISTA -- ","1","0","0","N/A"
"323","05-2014","Gerencia Operaciones","Servicios de Distribucion","Mantenimiento Aereo"," -- SIN CONTRATISTA -- ","1","0","0","N/A"
"43","05-2014","Gerencia Operaciones","Operaciones Comerciales & Utilities","Eléctrica"," -- SIN CONTRATISTA -- ","1","0","0","N/A"
"44","05-2014","Gerencia Operaciones","Operaciones Comerciales & Utilities","Eléctrica"," -- SIN CONTRATISTA -- ","1","0","0","N/A"
"45","05-2014","Gerencia Operaciones","Operaciones Comerciales & Utilities","Eléctrica"," -- SIN CONTRATISTA -- ","1","0","0","N/A"
"24","05-2014","Gerencia Operaciones","Operaciones Comerciales & Utilities","Eléctrica"," -- SIN CONTRATISTA -- ","1","0","0","N/A"
"158","05-2014","Gerencia Operaciones","Operaciones Comerciales & Utilities","Eléctrica","Fuster","1","2","60","ABIERTA"
"160","05-2014","Gerencia Operaciones","Operaciones Comerciales & Utilities","Eléctrica","CAM Chile S.A","1","3","60","ABIERTA"
"18","05-2014","Gerencia Operaciones","Servicios de Distribucion","Servicios de Emergencia"," -- SIN CONTRATISTA -- ","1","0","0","N/A"
"42","05-2014","Gerencia Operaciones","Operaciones Comerciales & Utilities","Eléctrica"," -- SIN CONTRATISTA -- ","1","0","0","N/A"
"329","05-2014","Gerencia Operaciones","Servicios de Distribucion","Mantenimiento Aereo"," -- SIN CONTRATISTA -- ","1","0","0","N/A"
"16","05-2014","Gerencia Operaciones","Servicios de Distribucion","Servicios de Emergencia"," -- SIN CONTRATISTA -- ","1","0","0","N/A"
"157","05-2014","Gerencia Operaciones","Operaciones Comerciales & Utilities","Eléctrica","Fuster","1","1","40","ABIERTA"
"289","05-2014","Gerencia Operaciones","Servicios de Distribucion","Mantenimiento Aereo","CAM Chile S.A","1","0","0","N/A"
"290","05-2014","Gerencia Operaciones","Servicios de Distribucion","Servicios de Emergencia","CAM Chile S.A","1","0","0","N/A"
"156","04-2014","Gerencia Operaciones","Operaciones Comerciales & Utilities","Eléctrica","Fuster","1","3","90","ABIERTA"
"155","04-2014","Gerencia Operaciones","Operaciones Comerciales & Utilities","Eléctrica","Fuster","1","1","40","ABIERTA"
"151","04-2014","Gerencia Operaciones","Operaciones Comerciales & Utilities","Eléctrica","MCH SERVICIOS ELECTRICOS","1","2","60","ABIERTA"
"154","04-2014","Gerencia Operaciones","Operaciones Comerciales & Utilities","Eléctrica","Fuster","1","4","130","ABIERTA"
"150","04-2014","Gerencia Operaciones","Operaciones Comerciales & Utilities","Eléctrica","Fuster","1","3","60","ABIERTA"
"147","04-2014","Gerencia Operaciones","Operaciones Comerciales & Utilities","Eléctrica","Fuster","1","2","90","ABIERTA"
"149","04-2014","Gerencia Operaciones","Operaciones Comerciales & Utilities","Eléctrica","Fuster","1","4","80","ABIERTA"
"146","04-2014","Gerencia Operaciones","Operaciones Comerciales & Utilities","Eléctrica","Fuster","1","2","60","ABIERTA"
"144","04-2014","Gerencia Operaciones","Operaciones Comerciales & Utilities","Eléctrica","Fuster","1","4","130","ABIERTA"
"138","04-2014","Gerencia Operaciones","Operaciones Comerciales & Utilities","Eléctrica","Fuster","1","5","180","ABIERTA"
"139","04-2014","Gerencia Operaciones","Operaciones Comerciales & Utilities","Eléctrica","Fuster","1","3","110","ABIERTA"
"132","04-2014","Gerencia Operaciones","Operaciones Comerciales & Utilities","Eléctrica","Fuster","1","2","60","ABIERTA"
"135","04-2014","Gerencia Operaciones","Operaciones Comerciales & Utilities","Eléctrica","Fuster","1","2","60","ABIERTA"
"134","04-2014","Gerencia Operaciones","Operaciones Comerciales & Utilities","Eléctrica","Fuster","1","2","60","ABIERTA"
"136","04-2014","Gerencia Operaciones","Operaciones Comerciales & Utilities","Eléctrica","Fuster","1","3","80","ABIERTA"
"137","04-2014","Gerencia Operaciones","Operaciones Comerciales & Utilities","Eléctrica","Fuster","1","3","60","ABIERTA"
"131","04-2014","Gerencia Operaciones","Operaciones Comerciales & Utilities","Eléctrica","Fuster","1","2","40","ABIERTA"
"123","03-2014","Gerencia Operaciones","Operaciones Comerciales & Utilities","Eléctrica","Fuster","1","7","160","ABIERTA"
"121","03-2014","Gerencia Operaciones","Operaciones Comerciales & Utilities","Eléctrica","Fuster","1","6","110","ABIERTA"
"33","03-2014","Gerencia Operaciones","Operaciones Comerciales & Utilities","Eléctrica"," -- SIN CONTRATISTA -- ","1","0","0","N/A"
"34","03-2014","Gerencia Operaciones","Operaciones Comerciales & Utilities","Eléctrica"," -- SIN CONTRATISTA -- ","1","3","60","ABIERTA"
"110","01-2014","Gerencia Operaciones","Operaciones Comerciales & Utilities","Eléctrica"," -- SIN CONTRATISTA -- ","1","0","0","N/A"
"84","05-2009","Gerencia Operaciones","Operaciones Comerciales & Utilities","Eléctrica"," -- SIN CONTRATISTA -- ","1","0","0","N/A"
"72","05-2009","Gerencia Operaciones","Operaciones Tecnicas","Eléctrica"," -- SIN CONTRATISTA -- ","1","2","100","ABIERTA"
"86","05-2009","Servicios de Negocios","Servicios de Negocios","Logística"," -- SIN CONTRATISTA -- ","1","2","60","ABIERTA"
"36","05-2009","Gerencia Operaciones","Operaciones Tecnicas","Eléctrica"," -- SIN CONTRATISTA -- ","1","1","50","ABIERTA"
"69","01-2009","Gerencia Operaciones","Operaciones Comerciales & Utilities","Eléctrica","IVAN VASQUEZ","1","1","50","ABIERTA"
"32","01-2009","Gerencia Operaciones","Operaciones Comerciales & Utilities","Eléctrica"," -- SIN CONTRATISTA -- ","1","3","100","ABIERTA"
"21","01-2009","Gerencia Operaciones","Operaciones Comerciales & Utilities","SOT (Civil - Electrico)"," -- SIN CONTRATISTA -- ","1","0","0","N/A"
